INSERT INTO "CHAMBORD2B20"."MEDECIN" (DRID, DRNOM, DRPRENOM, DRDNAISS) VALUES ('1', 'Dupont', 'Albert', TO_DATE('1963-09-21 11:13:26', 'YYYY-MM-DD HH24:MI:SS'));
INSERT INTO "CHAMBORD2B20"."MEDECIN" (DRID, DRNOM, DRPRENOM, DRDNAISS) VALUES ('2', 'Mont', 'Albert', TO_DATE('1966-08-04 00:00:00', 'YYYY-MM-DD HH24:MI:SS'));
INSERT INTO "CHAMBORD2B20"."MEDECIN" (DRID, DRNOM, DRPRENOM, DRDNAISS) VALUES ('3', 'Dupond', 'Jean', TO_DATE('1966-11-19 00:00:00', 'YYYY-MM-DD HH24:MI:SS'));
INSERT INTO "CHAMBORD2B20"."MEDECIN" (DRID, DRNOM, DRPRENOM, DRDNAISS) VALUES ('4', 'Gomme', 'Paul', TO_DATE('1991-01-20 00:00:00', 'YYYY-MM-DD HH24:MI:SS'));
INSERT INTO "CHAMBORD2B20"."MEDECIN" (DRID, DRNOM, DRPRENOM, DRDNAISS) VALUES ('5', 'Zac', 'Pierre', TO_DATE('1986-02-06 00:00:00', 'YYYY-MM-DD HH24:MI:SS'));
INSERT INTO "CHAMBORD2B20"."MEDECIN" (DRID, DRNOM, DRPRENOM, DRDNAISS) VALUES ('6', 'Coquilles', 'Jacques', TO_DATE('1962-03-25 00:00:00', 'YYYY-MM-DD HH24:MI:SS'));
INSERT INTO "CHAMBORD2B20"."MEDECIN" (DRID, DRNOM, DRPRENOM, DRDNAISS) VALUES ('7', 'Descartes', 'Rene', TO_DATE('1978-08-08 00:00:00', 'YYYY-MM-DD HH24:MI:SS'));
INSERT INTO "CHAMBORD2B20"."MEDECIN" (DRID, DRNOM, DRPRENOM, DRDNAISS) VALUES ('8', 'Saintpol', 'Charles', TO_DATE('1974-04-22 00:00:00', 'YYYY-MM-DD HH24:MI:SS'));
INSERT INTO "CHAMBORD2B20"."MEDECIN" (DRID, DRNOM, DRPRENOM, DRDNAISS) VALUES ('9', 'Dejob', 'Marc', TO_DATE('1998-11-18 00:00:00', 'YYYY-MM-DD HH24:MI:SS'));
INSERT INTO "CHAMBORD2B20"."MEDECIN" (DRID, DRNOM, DRPRENOM, DRDNAISS) VALUES ('10', 'Sac', 'Alfred', TO_DATE('1975-09-19 00:00:00', 'YYYY-MM-DD HH24:MI:SS'));


INSERT INTO "CHAMBORD2B20"."SECRETAIRE" (SEID, SENOM, SEPRENOM, SEDNAISS) VALUES ('1', 'Ouestelle', 'Jeanne', TO_DATE('1982-09-06 00:00:00', 'YYYY-MM-DD HH24:MI:SS'));
INSERT INTO "CHAMBORD2B20"."SECRETAIRE" (SEID, SENOM, SEPRENOM, SEDNAISS) VALUES ('2', 'Pat', 'Patrice', TO_DATE('1959-06-25 00:00:00', 'YYYY-MM-DD HH24:MI:SS'));
INSERT INTO "CHAMBORD2B20"."SECRETAIRE" (SEID, SENOM, SEPRENOM, SEDNAISS) VALUES ('3', 'Patou', 'Patrick', TO_DATE('1978-06-04 00:00:00', 'YYYY-MM-DD HH24:MI:SS'));
INSERT INTO "CHAMBORD2B20"."SECRETAIRE" (SEID, SENOM, SEPRENOM, SEDNAISS) VALUES ('4', 'Leole', 'Leon', TO_DATE('1980-12-25 00:00:00', 'YYYY-MM-DD HH24:MI:SS'));
INSERT INTO "CHAMBORD2B20"."SECRETAIRE" (SEID, SENOM, SEPRENOM, SEDNAISS) VALUES ('5', 'Mode', 'Max', TO_DATE('1985-06-05 00:00:00', 'YYYY-MM-DD HH24:MI:SS'));
INSERT INTO "CHAMBORD2B20"."SECRETAIRE" (SEID, SENOM, SEPRENOM, SEDNAISS) VALUES ('6', 'Bard', 'Brigitte', TO_DATE('1988-09-29 00:00:00', 'YYYY-MM-DD HH24:MI:SS'));
INSERT INTO "CHAMBORD2B20"."SECRETAIRE" (SEID, SENOM, SEPRENOM, SEDNAISS) VALUES ('7', 'Dede', 'Delphine', TO_DATE('1986-08-20 00:00:00', 'YYYY-MM-DD HH24:MI:SS'));
INSERT INTO "CHAMBORD2B20"."SECRETAIRE" (SEID, SENOM, SEPRENOM, SEDNAISS) VALUES ('8', 'Megalo', 'Melanie', TO_DATE('1970-09-21 00:00:00', 'YYYY-MM-DD HH24:MI:SS'));
INSERT INTO "CHAMBORD2B20"."SECRETAIRE" (SEID, SENOM, SEPRENOM, SEDNAISS) VALUES ('9', 'Fleur', 'Camille', TO_DATE('1989-09-06 00:00:00', 'YYYY-MM-DD HH24:MI:SS'));
INSERT INTO "CHAMBORD2B20"."SECRETAIRE" (SEID, SENOM, SEPRENOM, SEDNAISS) VALUES ('10', 'Mel', 'Justine', TO_DATE('1999-10-15 00:00:00', 'YYYY-MM-DD HH24:MI:SS'));


INSERT INTO "CHAMBORD2B20"."PATIENT" (PAID, PANOM, PAPRENOM, PADNAISS, PAADRSS, PAVILLE, PACODEPOSTAL) VALUES ('1', 'Mal', 'Francois', TO_DATE('1986-02-02 00:00:00', 'YYYY-MM-DD HH24:MI:SS'), '4 rue des pies', 'Bidart', '64210');
INSERT INTO "CHAMBORD2B20"."PATIENT" (PAID, PANOM, PAPRENOM, PADNAISS, PAADRSS, PAVILLE, PACODEPOSTAL) VALUES ('2', 'Mal', 'Francine', TO_DATE('1985-12-03 00:00:00', 'YYYY-MM-DD HH24:MI:SS'), '4 rue des pis', 'Bidart', '64210');
INSERT INTO "CHAMBORD2B20"."PATIENT" (PAID, PANOM, PAPRENOM, PADNAISS, PAADRSS, PAVILLE, PACODEPOSTAL) VALUES ('3', 'Berre', 'Gaston', TO_DATE('1968-11-25 00:00:00', 'YYYY-MM-DD HH24:MI:SS'), '10 rue des pins', 'Biarritz', '64210');
INSERT INTO "CHAMBORD2B20"."PATIENT" (PAID, PANOM, PAPRENOM, PADNAISS, PAADRSS, PAVILLE, PACODEPOSTAL) VALUES ('4', 'Berre', 'Helene', TO_DATE('1965-09-30 00:00:00', 'YYYY-MM-DD HH24:MI:SS'), '10 rues des pins', 'Biarritz', '64210');
INSERT INTO "CHAMBORD2B20"."PATIENT" (PAID, PANOM, PAPRENOM, PADNAISS, PAADRSS, PAVILLE, PACODEPOSTAL) VALUES ('5', 'Maillet', 'Kentin', TO_DATE('2004-11-20 00:00:00', 'YYYY-MM-DD HH24:MI:SS'), '18 gy le grand', 'Massay', '18120');
INSERT INTO "CHAMBORD2B20"."PATIENT" (PAID, PANOM, PAPRENOM, PADNAISS, PAADRSS, PAVILLE, PACODEPOSTAL) VALUES ('6', 'Dejob', 'Sonia', TO_DATE('1982-09-09 00:00:00', 'YYYY-MM-DD HH24:MI:SS'), '12 rue currie', 'Vierzon', '18100');
INSERT INTO "CHAMBORD2B20"."PATIENT" (PAID, PANOM, PAPRENOM, PADNAISS, PAADRSS, PAVILLE, PACODEPOSTAL) VALUES ('7', 'Dejob', 'Jade', TO_DATE('2010-10-01 00:00:00', 'YYYY-MM-DD HH24:MI:SS'), '12 rue currie', 'Vierzon', '18100');
INSERT INTO "CHAMBORD2B20"."PATIENT" (PAID, PANOM, PAPRENOM, PADNAISS, PAADRSS, PAVILLE, PACODEPOSTAL) VALUES ('8', 'Marchand', 'Edwige', TO_DATE('1971-08-15 00:00:00', 'YYYY-MM-DD HH24:MI:SS'), '45 chemin des sapins', 'Loury', '45470');
INSERT INTO "CHAMBORD2B20"."PATIENT" (PAID, PANOM, PAPRENOM, PADNAISS, PAADRSS, PAVILLE, PACODEPOSTAL) VALUES ('9', 'Marchand', 'Nicolas', TO_DATE('1971-10-02 00:00:00', 'YYYY-MM-DD HH24:MI:SS'), '45 chemin des sapins', 'Loury', '45470');
INSERT INTO "CHAMBORD2B20"."PATIENT" (PAID, PANOM, PAPRENOM, PADNAISS, PAADRSS, PAVILLE, PACODEPOSTAL) VALUES ('10', 'Macaisse', 'Alphonse', TO_DATE('1988-01-01 00:00:00', 'YYYY-MM-DD HH24:MI:SS'), 'impasse du stop', 'Orleans', '45000');


INSERT INTO "CHAMBORD2B20"."RENDEZVOUS" (RVID, PAID, DRID, SEID, RVDDEBUT, RVDFIN) VALUES ('1', '8', '1', '8', TO_DATE('2020-09-11 11:47:00', 'YYYY-MM-DD HH24:MI:SS'), TO_DATE('2020-09-11 11:47:28', 'YYYY-MM-DD HH24:MI:SS'));
INSERT INTO "CHAMBORD2B20"."RENDEZVOUS" (RVID, PAID, DRID, SEID, RVDDEBUT, RVDFIN) VALUES ('2', '1', '2', '3', TO_DATE('2020-09-12 11:54:54', 'YYYY-MM-DD HH24:MI:SS'), TO_DATE('2020-09-12 12:55:08', 'YYYY-MM-DD HH24:MI:SS'));
INSERT INTO "CHAMBORD2B20"."RENDEZVOUS" (RVID, PAID, DRID, SEID, RVDDEBUT, RVDFIN) VALUES ('3', '5', '8', '1', TO_DATE('2020-09-13 11:55:24', 'YYYY-MM-DD HH24:MI:SS'), TO_DATE('2020-09-13 12:55:31', 'YYYY-MM-DD HH24:MI:SS'));
INSERT INTO "CHAMBORD2B20"."RENDEZVOUS" (RVID, PAID, DRID, SEID, RVDDEBUT, RVDFIN) VALUES ('4', '6', '5', '5', TO_DATE('2020-09-14 11:55:58', 'YYYY-MM-DD HH24:MI:SS'), TO_DATE('2020-09-14 12:56:08', 'YYYY-MM-DD HH24:MI:SS'));
INSERT INTO "CHAMBORD2B20"."RENDEZVOUS" (RVID, PAID, DRID, SEID, RVDDEBUT, RVDFIN) VALUES ('5', '2', '3', '4', TO_DATE('2020-09-15 11:56:30', 'YYYY-MM-DD HH24:MI:SS'), TO_DATE('2020-09-15 12:56:40', 'YYYY-MM-DD HH24:MI:SS'));
INSERT INTO "CHAMBORD2B20"."RENDEZVOUS" (RVID, PAID, DRID, SEID, RVDDEBUT, RVDFIN) VALUES ('6', '6', '6', '6', TO_DATE('2020-09-16 11:56:53', 'YYYY-MM-DD HH24:MI:SS'), TO_DATE('2020-09-16 12:56:57', 'YYYY-MM-DD HH24:MI:SS'));
INSERT INTO "CHAMBORD2B20"."RENDEZVOUS" (RVID, PAID, DRID, SEID, RVDDEBUT, RVDFIN) VALUES ('7', '9', '9', '9', TO_DATE('2020-10-01 11:57:23', 'YYYY-MM-DD HH24:MI:SS'), TO_DATE('2020-10-01 12:57:33', 'YYYY-MM-DD HH24:MI:SS'));
INSERT INTO "CHAMBORD2B20"."RENDEZVOUS" (RVID, PAID, DRID, SEID, RVDDEBUT, RVDFIN) VALUES ('8', '4', '5', '6', TO_DATE('2020-10-02 11:57:53', 'YYYY-MM-DD HH24:MI:SS'), TO_DATE('2020-10-02 12:58:02', 'YYYY-MM-DD HH24:MI:SS'));
INSERT INTO "CHAMBORD2B20"."RENDEZVOUS" (RVID, PAID, DRID, SEID, RVDDEBUT, RVDFIN) VALUES ('9', '10', '10', '10', TO_DATE('2020-09-25 11:58:17', 'YYYY-MM-DD HH24:MI:SS'), TO_DATE('2020-09-25 12:58:24', 'YYYY-MM-DD HH24:MI:SS'));
INSERT INTO "CHAMBORD2B20"."RENDEZVOUS" (RVID, PAID, DRID, SEID, RVDDEBUT, RVDFIN) VALUES ('10', '2', '3', '4', TO_DATE('2020-11-13 11:58:40', 'YYYY-MM-DD HH24:MI:SS'), TO_DATE('2020-11-13 12:58:50', 'YYYY-MM-DD HH24:MI:SS'));

INSERT INTO "CHAMBORD2B20"."ORDONNANCE" (ORID, DRID, PAID, ORDATE, ORDESCRIPT) VALUES ('1', '2', '2', TO_DATE('2020-07-07 15:04:44', 'YYYY-MM-DD HH24:MI:SS'), 'voir kine');
INSERT INTO "CHAMBORD2B20"."ORDONNANCE" (ORID, DRID, PAID, ORDATE, ORDESCRIPT) VALUES ('2', '3', '5', TO_DATE('2020-09-03 15:05:26', 'YYYY-MM-DD HH24:MI:SS'), 'bla  bla bla bla');
INSERT INTO "CHAMBORD2B20"."ORDONNANCE" (ORID, DRID, PAID, ORDATE, ORDESCRIPT) VALUES ('3', '5', '6', TO_DATE('2019-08-30 15:05:55', 'YYYY-MM-DD HH24:MI:SS'), 'Truc bidon');
INSERT INTO "CHAMBORD2B20"."ORDONNANCE" (ORID, DRID, PAID, ORDATE, ORDESCRIPT) VALUES ('4', '8', '10', TO_DATE('2020-05-18 15:06:22', 'YYYY-MM-DD HH24:MI:SS'), 'zretj  htgfghj n gfrda f');
INSERT INTO "CHAMBORD2B20"."ORDONNANCE" (ORID, DRID, PAID, ORDATE, ORDESCRIPT) VALUES ('5', '9', '6', TO_DATE('2020-07-14 15:06:43', 'YYYY-MM-DD HH24:MI:SS'), 'tfyu  zgyufcgs huihzf');
INSERT INTO "CHAMBORD2B20"."ORDONNANCE" (ORID, DRID, PAID, ORDATE, ORDESCRIPT) VALUES ('6', '1', '10', TO_DATE('2020-06-08 15:07:01', 'YYYY-MM-DD HH24:MI:SS'), 'gyfvuspo vucs,io');
INSERT INTO "CHAMBORD2B20"."ORDONNANCE" (ORID, DRID, PAID, ORDATE, ORDESCRIPT) VALUES ('7', '5', '4', TO_DATE('2019-10-22 00:00:00', 'YYYY-MM-DD HH24:MI:SS'), 'mal de tete donc doliprane');
INSERT INTO "CHAMBORD2B20"."ORDONNANCE" (ORID, DRID, PAID, ORDATE, ORDESCRIPT) VALUES ('8', '6', '6', TO_DATE('2020-07-06 15:07:55', 'YYYY-MM-DD HH24:MI:SS'), 'huih hfurhf iz ddh')
INSERT INTO "CHAMBORD2B20"."ORDONNANCE" (ORID, DRID, PAID, ORDATE, ORDESCRIPT) VALUES ('9', '2', '3', TO_DATE('2020-05-11 15:08:11', 'YYYY-MM-DD HH24:MI:SS'), 'jhgfds hrgdrf erqzer');
INSERT INTO "CHAMBORD2B20"."ORDONNANCE" (ORID, DRID, PAID, ORDATE, ORDESCRIPT) VALUES ('10', '6', '7', TO_DATE('2020-06-01 15:08:30', 'YYYY-MM-DD HH24:MI:SS'), 'machin truc');



